<?xml version="1.0" encoding="UTF-8"?>
<beans xmlns = "http://www.springframework.org/schema/beans"
   xmlns:xsi = "http://www.w3.org/2001/XMLSchema-instance"
   xmlns:context="http://www.springframework.org/schema/context"
   xsi:schemaLocation = "http://www.springframework.org/schema/beans
http://www.springframework.org/schema/beans/spring-beans-3.0.xsd
http://www.springframework.org/schema/context
http://www.springframework.org/schema/context/spring-context-3.0.xsd">
 
    <!-- DispatcherServlet Context: defines this servlet's request-processing 
        infrastructure -->
 
    <!-- Enables the Spring MVC @Controller programming model -->
    <context:annotation-config/>
    <context:component-scan base-package="com.training" />
 
    <!-- Resolves views selected for rendering by @Controllers to .jsp resources 
        in the /WEB-INF/views directory -->
     <bean class = "org.springframework.web.servlet.view.InternalResourceViewResolver">
          <property name = "prefix" value = "/WEB-INF/views/"/>
          <property name = "suffix" value = ".jsp"/>
     </bean>
     <bean id="ds" class="org.springframework.jdbc.datasource.DriverManagerDataSource">    
		<property name="driverClassName" value="com.mysql.jdbc.Driver"></property>    
		<property name="url" value="jdbc:mysql://localhost:3306/test"></property> <!--  esta porta deve ser a mesma do MySQL -->
		<property name="username" value="root"></property>    
		<property name="password" value="root"></property>    
	 </bean>
	 <bean id="jt" class="org.springframework.jdbc.core.JdbcTemplate">    
		<property name="dataSource" ref="ds"></property>    
	</bean>        
	<bean id="dao" class="com.training.dao.EmpDao">    
		<property name="template" ref="jt"></property>    
	</bean>     
</beans>